<?xml version="1.0" encoding="UTF-8"?>
<project-private xmlns="http://www.netbeans.org/ns/project-private/1">
    <editor-bookmarks xmlns="http://www.netbeans.org/ns/editor-bookmarks/2" lastBookmarkId="0"/>
    <open-files xmlns="http://www.netbeans.org/ns/projectui-open-files/2">
        <group>
            <file>file:/D:/0000000000000My%20Original%20Files%20(D)/Prottoy/home/RestManage/src/restmanage/waiter.java</file>
            <file>file:/D:/0000000000000My%20Original%20Files%20(D)/Prottoy/home/RestManage/src/restmanage/Manager.java</file>
            <file>file:/D:/0000000000000My%20Original%20Files%20(D)/Prottoy/home/RestManage/src/restmanage/Cashier.java</file>
            <file>file:/D:/0000000000000My%20Original%20Files%20(D)/Prottoy/home/RestManage/src/restmanage/Employee.java</file>
            <file>file:/D:/0000000000000My%20Original%20Files%20(D)/Prottoy/home/RestManage/src/restmanage/Chefs.java</file>
            <file>file:/D:/0000000000000My%20Original%20Files%20(D)/Prottoy/home/RestManage/src/restmanage/ResturantManagement.java</file>
            <file>file:/D:/0000000000000My%20Original%20Files%20(D)/Prottoy/home/RestManage/src/restmanage/Menuitem.java</file>
            <file>file:/D:/0000000000000My%20Original%20Files%20(D)/Prottoy/home/RestManage/src/restmanage/RestManage.java</file>
        </group>
    </open-files>
</project-private>
